<Experiment readonly="false" description="" groupId="0" mode="normal">
  <Driver>
    <Lateral type="None">
      <LateralOffsetTable>
        <StationLateralOffset Station="0" Offset="0" />
      </LateralOffsetTable>
      <SteeringTable>
        <SteeringTime Time="0" Steering="0" />
      </SteeringTable>
    </Lateral>
    <Longitudinal type="None">
      <BrakeTable>
        <BrakeTime Time="0" Brake="0" />
      </BrakeTable>
      <ThrottleTable>
        <ThrottleTime Time="0" Throttle="0" />
      </ThrottleTable>
      <ShiftTable>
        <ShiftTime Time="0" Shift="0" />
      </ShiftTable>
    </Longitudinal>
  </Driver>
  <Task>
    <Trajectory Z="0">
      <KeyPoints>
        <KeyPoint X="147.26" Y="0.26" type="Road" />
        <KeyPoint X="165.93" Y="2.1" type="Road" />
        <KeyPoint X="183.34" Y="4.46" type="Road" />
        <KeyPoint X="209.58" Y="9.3" type="Road" />
        <KeyPoint X="232.93" Y="15.06" type="Road" />
        <KeyPoint X="256.17" Y="22.34" type="Road" />
        <KeyPoint X="279.62" Y="31.47" type="Road" />
        <KeyPoint X="307.34" Y="44.99" type="Road" />
        <KeyPoint X="332.2" Y="60.13" type="Road" />
      </KeyPoints>
      <WayPoints>
        <WayPoint X="147.26" Y="0.26" />
        <WayPoint X="151.07" Y="0.58" />
        <WayPoint X="153.42" Y="0.79" />
        <WayPoint X="155.75" Y="1.01" />
        <WayPoint X="158.08" Y="1.24" />
        <WayPoint X="160.41" Y="1.48" />
        <WayPoint X="162.73" Y="1.73" />
        <WayPoint X="165.03" Y="1.99" />
        <WayPoint X="165.93" Y="2.1" />
        <WayPoint X="167.33" Y="2.26" />
        <WayPoint X="169.62" Y="2.54" />
        <WayPoint X="171.91" Y="2.83" />
        <WayPoint X="174.18" Y="3.13" />
        <WayPoint X="176.45" Y="3.45" />
        <WayPoint X="178.71" Y="3.77" />
        <WayPoint X="180.96" Y="4.1" />
        <WayPoint X="183.2" Y="4.44" />
        <WayPoint X="183.34" Y="4.46" />
        <WayPoint X="185.44" Y="4.79" />
        <WayPoint X="187.67" Y="5.15" />
        <WayPoint X="189.88" Y="5.52" />
        <WayPoint X="192.1" Y="5.89" />
        <WayPoint X="194.3" Y="6.29" />
        <WayPoint X="196.5" Y="6.69" />
        <WayPoint X="198.7" Y="7.1" />
        <WayPoint X="200.87" Y="7.52" />
        <WayPoint X="203.04" Y="7.94" />
        <WayPoint X="205.21" Y="8.38" />
        <WayPoint X="207.37" Y="8.83" />
        <WayPoint X="209.53" Y="9.29" />
        <WayPoint X="209.58" Y="9.3" />
        <WayPoint X="211.67" Y="9.76" />
        <WayPoint X="213.8" Y="10.24" />
        <WayPoint X="215.92" Y="10.72" />
        <WayPoint X="218.05" Y="11.22" />
        <WayPoint X="220.16" Y="11.74" />
        <WayPoint X="222.26" Y="12.25" />
        <WayPoint X="224.35" Y="12.78" />
        <WayPoint X="226.44" Y="13.31" />
        <WayPoint X="228.52" Y="13.86" />
        <WayPoint X="230.6" Y="14.42" />
        <WayPoint X="232.66" Y="14.99" />
        <WayPoint X="232.93" Y="15.06" />
        <WayPoint X="234.72" Y="15.56" />
        <WayPoint X="236.77" Y="16.15" />
        <WayPoint X="238.8" Y="16.75" />
        <WayPoint X="240.84" Y="17.36" />
        <WayPoint X="242.86" Y="17.97" />
        <WayPoint X="244.88" Y="18.6" />
        <WayPoint X="246.89" Y="19.24" />
        <WayPoint X="248.89" Y="19.88" />
        <WayPoint X="250.88" Y="20.54" />
        <WayPoint X="252.87" Y="21.2" />
        <WayPoint X="254.85" Y="21.88" />
        <WayPoint X="256.17" Y="22.34" />
        <WayPoint X="256.82" Y="22.57" />
        <WayPoint X="258.78" Y="23.26" />
        <WayPoint X="260.74" Y="23.97" />
        <WayPoint X="262.68" Y="24.68" />
        <WayPoint X="264.62" Y="25.41" />
        <WayPoint X="266.55" Y="26.15" />
        <WayPoint X="268.47" Y="26.89" />
        <WayPoint X="270.39" Y="27.64" />
        <WayPoint X="272.3" Y="28.41" />
        <WayPoint X="274.2" Y="29.18" />
        <WayPoint X="276.09" Y="29.98" />
        <WayPoint X="277.97" Y="30.77" />
        <WayPoint X="279.62" Y="31.47" />
        <WayPoint X="279.84" Y="31.57" />
        <WayPoint X="281.71" Y="32.39" />
        <WayPoint X="283.57" Y="33.21" />
        <WayPoint X="285.43" Y="34.04" />
        <WayPoint X="287.27" Y="34.89" />
        <WayPoint X="289.11" Y="35.74" />
        <WayPoint X="290.94" Y="36.61" />
        <WayPoint X="292.76" Y="37.48" />
        <WayPoint X="294.58" Y="38.36" />
        <WayPoint X="296.38" Y="39.26" />
        <WayPoint X="298.17" Y="40.16" />
        <WayPoint X="299.96" Y="41.08" />
        <WayPoint X="301.74" Y="42" />
        <WayPoint X="303.52" Y="42.92" />
        <WayPoint X="305.29" Y="43.87" />
        <WayPoint X="307.05" Y="44.83" />
        <WayPoint X="307.34" Y="44.99" />
        <WayPoint X="308.8" Y="45.79" />
        <WayPoint X="310.53" Y="46.76" />
        <WayPoint X="312.27" Y="47.74" />
        <WayPoint X="313.99" Y="48.74" />
        <WayPoint X="315.71" Y="49.74" />
        <WayPoint X="317.43" Y="50.75" />
        <WayPoint X="319.13" Y="51.77" />
        <WayPoint X="320.83" Y="52.81" />
        <WayPoint X="322.5" Y="53.85" />
        <WayPoint X="324.19" Y="54.9" />
        <WayPoint X="325.87" Y="55.96" />
        <WayPoint X="327.52" Y="57.04" />
        <WayPoint X="329.18" Y="58.11" />
        <WayPoint X="330.83" Y="59.21" />
        <WayPoint X="332.2" Y="60.13" />
      </WayPoints>
      <Edges>
        <Edge id="-gneE3" Direction="S" />
      </Edges>
    </Trajectory>
    <SpeedTable>
      <SpeedTime Time="0" Speed="60" />
    </SpeedTable>
  </Task>
  <TrafficObjects />
  <Disturbance />
  <Agent>
    <Plugin internal="false" hostId="0" nodeId="0" link="Addon_v0.2.py" Parameters="" Parameter="False" />
  </Agent>
  <Simulation Solver="ode1" Step="0.001" StopTime="0" Speed="1" UtcTime="0" />
  <GlobalVariables Variable0="0" Variable1="0" Variable2="0" Variable3="0" Variable4="0" Variable5="0" Variable6="0" Variable7="0" Variable8="0" Variable9="0" />
  <World link="Curve" traffic="true" hostId="0" nodeId="0">
    <Field link="" />
    <Net link="Curve\Curve.net.xml" Seed="0" Style="City" Elevation="false">
      <Lanes Texture="Asphalt" FrictionCoefficient="0.8" Wetness="0" SnowPack="0" Cracks="0.1" Dirtiness="0.3" Opacity="1" />
      <LaneLines />
      <Junctions />
    </Net>
    <Facilities>
      <TrafficSigns />
      <Obstacles />
      <TrafficLights />
      <Crosswalks />
      <ParkingSpots />
    </Facilities>
    <Environment>
      <Air Temperature="30" Pressure="1" Humidity="0.6" />
      <Precipitation Type="Rain" ParticleSize="1.23" ParticleCapacity="452000" FallingAlpha="5" FallingBeta="5" FallingSpeed="0.8" />
      <Fog Visibility="500" />
    </Environment>
    <Lighting Alpha="50" Beta="-30" Intensity="100" Ambient="400" StreetLight="off" VehicleLight="off" />
    <Traffic Seed="0" Density="10" Pedestrian="0" CarWeight="10" VanWeight="3" BusWeight="1" OtherWeight="0.1" CautiousDriverWeight="2" CommonDriverWeight="10" RadicalDriverWeight="1" />
  </World>
  <Vehicle readonly="false" link="A_Class_Sedan_UpSightDown" hostId="0" nodeId="0">
    <Shape id="38" />
    <Dynamics link="A_Class_Sedan\A_Class_Sedan.par" type="PanoSim-Raw" />
    <Sensors>
      <Sensor X="-1.5" Y="0" link="MonoCameraSensor/MonoCameraSensor.json" enable="true" Category="Mono_Camera_Sensor" Z="12" Yaw="0" Pitch="270" Roll="0" hostId="0" nodeId="0" FovVertical="0" Type="Mono" Distance="300" FovHorizontal="60" focallength="20" Frequency="30" pixelsizeX="4.2" pixelsizeY="4.2" resolutionwidth="1280" resolutionheight="720" nothing2="0" screenNumber="1" location="Full" fx="500" fy="500" k1="0" k2="0" k3="0" cx="639.5" cy="359.5" auto_effect_weight="0.5" temperature="20" Aperture="3.2" ShutterSpeed="0.0005" _gamma="2.2" param_r="fname_poly_red_1.csv" param_b="fname_poly_blue_1.csv" m_mat="0" _Cam_NoiseLevel="0" _Poly="0,0,0,1" _red="0,0,1,0" _green="0,0,1,0" _blue="0,0,1,0" focus_distance="60" nothing="0" Camera_Type="False" Basic_Parameters="True" pixelsize="True" output="True" outputparameters="True" OutputToMemory="False" OutputToScreen="True" distortion_flag="False" auto_effect="False" Physical_Effect="False" CA_flag="False" blur_flag="False" noise_flag="False" vignetting_flag="False" CT_flag="False" depth_of_field_flag="False" motion_blur_flag="False" />
    </Sensors>
  </Vehicle>
</Experiment>